날짜,공격 IP,공격 IP 국가,수행 행위
2026-01,77.104.113.98,IR,원격 접근
2026-01,182.239.11.45,HK,악성파일 접근
2026-01,152.32.151.128,US,원격 접근
2026-01,34.52.219.24,BE,원격 접근
2026-01,34.78.138.90,BE,원격 접근
2026-01,35.195.185.167,BE,원격 접근
2026-01,35.216.172.131,CN,원격 접근
2026-02,116.11.82.118,CN,원격 접근
2026-02,171.108.67.207,CN,원격 접근
2026-02,116.11.80.21,CN,원격 접근
2026-02,13.209.203.103,US,원격 접근
2026-02,34.81.228.78,US,원격 접근
2026-02,92.119.165.157,CH,원격 접근
2026-02,185.17.41.197,PL,악성파일 접근
2026-02,196.251.115.22,SC,공격자 서버
2026-02,45.144.212.99,UA,공격자 서버
2026-02,195.211.191.93,UA,공격자 서버
2026-02,195.66.214.79,UA,공격자 서버
2026-02,179.43.144.242,CH,공격자 서버
2026-02,213.209.143.21,NL,공격자 서버
2026-02,122.136.1.167,CN,웹 취약점 공격
2026-02,46.221.224.148,TR,원격 접근
2026-02,85.97.34.177,TR,원격 접근
2026-02,194.127.167.98,EE,정보 유출
2026-02,194.127.167.78,EE,정보 유출
2026-02,194.127.167.118,EE,정보 유출
2026-02,185.231.33.38,SC,악성파일 접근
2026-02,37.114.50.27,DE,악성파일 접근
2026-02,178.20.55.182,FR,악성파일 접근
2026-02,2.59.135.63,DE,원격 접근
2026-03,38.97.40.109,US,계정 탈취
2026-03,152.233.20.55,DE,정보 유출
2026-03,176.65.149.100,NL,정보 유출
2026-03,185.229.190.137,NL,웹 취약점 공격
2026-03,95.213.148.98,RU,웹 취약점 공격
2026-03,23.224.70.210,US,웹 취약점 공격
2026-03,113.100.7.78,CN,웹 취약점 공격
2026-03,156.224.63.26,HK,웹 취약점 공격
2026-03,31.169.53.10,NO,정보 유출
2026-03,45.3.40.23,BR,정보 유출
2026-03,203.83.39.4,IN,비인가 페이지 접근
2026-03,203.83.39.22,IN,비인가 페이지 접근
2026-03,36.82.37.94,IN,비인가 페이지 접근
2026-03,84.247.181.144,FR,비인가 페이지 접근
2026-03,193.142.147.5,NL,비인가 페이지 접근
2026-03,131.163.89.4,NO,비인가 페이지 접근
2026-03,192.3.136.200,US,비인가 페이지 접근
2026-03,146.70.184.111,FR,비인가 페이지 접근
2026-03,51.161.11.169,CA,비인가 페이지 접근
2026-03,130.211.246.222,TW,비인가 페이지 접근
2026-03,185.196.220.113,NL,비인가 페이지 접근
2026-03,144.172.105.15,US,비인가 페이지 접근
2026-03,173.249.39.174,FR,비인가 페이지 접근
2026-03,89.144.30.154,DE,웹 취약점 공격
2026-03,47.242.27.169,HK,원격 접근
2026-03,139.99.125.11,SG,원격 접근
2026-03,37.187.25.72,FR,원격 접근
2026-03,75.111.21.100,US,원격 접근
2026-03,175.145.176.205,MY,원격 접근
2026-03,102.129.145.105,ZA,메일 로그인
2026-03,102.129.145.128,ZA,메일 로그인
2026-03,102.129.145.133,ZA,메일 로그인
2026-03,102.129.145.143,ZA,메일 로그인
2026-03,102.129.145.155,ZA,메일 로그인
2026-03,102.129.145.159,ZA,메일 로그인
2026-03,102.129.152.102,ZA,메일 로그인
2026-03,102.129.152.106,ZA,메일 로그인
2026-03,102.129.152.109,ZA,메일 로그인
2026-03,102.129.152.115,ZA,메일 로그인
2026-03,102.129.152.129,ZA,메일 로그인
2026-03,102.129.152.13,ZA,메일 로그인
2026-03,102.129.152.130,ZA,메일 로그인
2026-03,102.129.152.136,ZA,메일 로그인
2026-03,102.129.152.138,ZA,메일 로그인
2026-03,102.129.152.142,ZA,메일 로그인
2026-03,102.129.152.144,ZA,메일 로그인
2026-03,102.129.152.145,ZA,메일 로그인
2026-03,102.129.152.148,ZA,메일 로그인
2026-03,102.129.152.149,ZA,메일 로그인
2026-03,102.129.152.154,ZA,메일 로그인
2026-03,102.129.152.157,ZA,메일 로그인
2026-03,102.129.152.158,ZA,메일 로그인
2026-03,102.129.152.163,ZA,메일 로그인
2026-03,102.129.152.167,ZA,메일 로그인
2026-03,102.129.152.169,ZA,메일 로그인
2026-03,102.129.152.170,ZA,메일 로그인
2026-03,102.129.152.175,ZA,메일 로그인
2026-03,102.129.152.176,ZA,메일 로그인
2026-03,102.129.152.18,ZA,메일 로그인
2026-03,102.129.152.184,ZA,메일 로그인
2026-03,102.129.152.185,ZA,메일 로그인
2026-03,102.129.152.187,ZA,메일 로그인
2026-03,102.129.152.189,ZA,메일 로그인
2026-03,102.129.152.28,ZA,메일 로그인
2026-03,102.129.152.30,ZA,메일 로그인
2026-03,102.129.152.36,ZA,메일 로그인
2026-03,102.129.152.42,ZA,메일 로그인
2026-03,102.129.152.45,ZA,메일 로그인
2026-03,102.129.152.50,ZA,메일 로그인
2026-03,102.129.152.53,ZA,메일 로그인
2026-03,102.129.152.54,ZA,메일 로그인
2026-03,102.129.152.55,ZA,메일 로그인
2026-03,102.129.152.56,ZA,메일 로그인
2026-03,102.129.152.59,ZA,메일 로그인
2026-03,102.129.152.60,ZA,메일 로그인
2026-03,102.129.152.65,ZA,메일 로그인
2026-03,102.129.152.71,ZA,메일 로그인
2026-03,102.129.152.72,ZA,메일 로그인
2026-03,102.129.152.84,ZA,메일 로그인
2026-03,102.129.152.87,ZA,메일 로그인
2026-03,102.129.152.88,ZA,메일 로그인
2026-03,102.129.152.90,ZA,메일 로그인
2026-03,102.129.152.91,ZA,메일 로그인
2026-03,102.129.152.93,ZA,메일 로그인
2026-03,102.129.152.95,ZA,메일 로그인
2026-03,102.129.153.101,ZA,메일 로그인
2026-03,102.129.153.104,ZA,메일 로그인
2026-03,102.129.153.106,ZA,메일 로그인
2026-03,102.129.153.107,ZA,메일 로그인
2026-03,102.129.153.113,ZA,메일 로그인
2026-03,102.129.153.114,ZA,메일 로그인
2026-03,102.129.153.124,ZA,메일 로그인
2026-03,102.129.153.13,ZA,메일 로그인
2026-03,102.129.153.135,ZA,메일 로그인
2026-03,102.129.153.138,ZA,메일 로그인
2026-03,102.129.153.145,ZA,메일 로그인
2026-03,102.129.153.149,ZA,메일 로그인
2026-03,102.129.153.150,ZA,메일 로그인
2026-03,102.129.153.151,ZA,메일 로그인
2026-03,102.129.153.153,ZA,메일 로그인
2026-03,102.129.153.156,ZA,메일 로그인
2026-03,102.129.153.16,ZA,메일 로그인
2026-03,102.129.153.161,ZA,메일 로그인
2026-03,102.129.153.165,ZA,메일 로그인
2026-03,102.129.153.166,ZA,메일 로그인
2026-03,102.129.153.167,ZA,메일 로그인
2026-03,102.129.153.19,ZA,메일 로그인
2026-03,102.129.153.190,ZA,메일 로그인
2026-03,102.129.153.191,ZA,메일 로그인
2026-03,102.129.153.195,ZA,메일 로그인
2026-03,102.129.153.208,ZA,메일 로그인
2026-03,102.129.153.213,ZA,메일 로그인
2026-03,102.129.153.214,ZA,메일 로그인
2026-03,102.129.153.218,ZA,메일 로그인
2026-03,102.129.153.219,ZA,메일 로그인
2026-03,102.129.153.30,ZA,메일 로그인
2026-03,102.129.153.32,ZA,메일 로그인
2026-03,102.129.153.35,ZA,메일 로그인
2026-03,102.129.153.41,ZA,메일 로그인
2026-03,102.129.153.42,ZA,메일 로그인
2026-03,102.129.153.43,ZA,메일 로그인
2026-03,102.129.153.47,ZA,메일 로그인
2026-03,102.129.153.49,ZA,메일 로그인
2026-03,102.129.153.54,ZA,메일 로그인
2026-03,102.129.153.58,ZA,메일 로그인
2026-03,102.129.153.59,ZA,메일 로그인
2026-03,102.129.153.62,ZA,메일 로그인
2026-03,102.129.153.65,ZA,메일 로그인
2026-03,102.129.153.66,ZA,메일 로그인
2026-03,102.129.153.67,ZA,메일 로그인
2026-03,102.129.153.68,ZA,메일 로그인
2026-03,102.129.153.69,ZA,메일 로그인
2026-03,102.129.153.72,ZA,메일 로그인
2026-03,102.129.153.74,ZA,메일 로그인
2026-03,102.129.153.81,ZA,메일 로그인
2026-03,102.129.153.82,ZA,메일 로그인
2026-03,102.129.153.85,ZA,메일 로그인
2026-03,102.129.153.86,ZA,메일 로그인
2026-03,102.129.153.87,ZA,메일 로그인
2026-03,102.129.153.88,ZA,메일 로그인
2026-03,102.129.153.89,ZA,메일 로그인
2026-03,102.129.153.91,ZA,메일 로그인
2026-03,102.129.153.94,ZA,메일 로그인
2026-03,102.129.153.97,ZA,메일 로그인
2026-03,102.129.153.98,ZA,메일 로그인
2026-03,102.129.153.99,ZA,메일 로그인
2026-03,102.22.185.12,RW,메일 로그인
2026-03,103.108.174.29,GB,메일 로그인
2026-03,103.108.174.8,GB,메일 로그인
2026-03,103.163.182.33,NP,메일 로그인
2026-03,117.120.9.19,AU,메일 로그인
2026-03,117.120.9.21,AU,메일 로그인
2026-03,117.120.9.22,AU,메일 로그인
2026-03,117.120.9.23,AU,메일 로그인
2026-03,117.120.9.24,AU,메일 로그인
2026-03,117.120.9.27,AU,메일 로그인
2026-03,117.120.9.38,AU,메일 로그인
2026-03,138.199.18.133,DE,메일 로그인
2026-03,138.199.18.137,DE,메일 로그인
2026-03,138.199.18.148,DE,메일 로그인
2026-03,138.199.19.21,DE,메일 로그인
2026-03,138.199.19.59,DE,메일 로그인
2026-03,143.244.34.141,US,메일 로그인
2026-03,143.244.34.144,US,메일 로그인
2026-03,143.244.34.208,US,메일 로그인
2026-03,143.244.34.21,US,메일 로그인
2026-03,143.244.34.25,US,메일 로그인
2026-03,143.244.49.25,US,메일 로그인
2026-03,143.244.51.184,US,메일 로그인
2026-03,149.50.212.143,US,메일 로그인
2026-03,151.240.205.148,GB,메일 로그인
2026-03,151.240.205.22,GB,메일 로그인
2026-03,151.240.205.39,GB,메일 로그인
2026-03,151.240.205.56,GB,메일 로그인
2026-03,151.240.205.59,GB,메일 로그인
2026-03,151.240.205.8,GB,메일 로그인
2026-03,151.240.205.91,GB,메일 로그인
2026-03,151.240.205.96,GB,메일 로그인
2026-03,154.16.81.100,ZA,메일 로그인
2026-03,154.16.81.102,ZA,메일 로그인
2026-03,154.16.81.121,ZA,메일 로그인
2026-03,154.16.81.122,ZA,메일 로그인
2026-03,154.16.81.149,ZA,메일 로그인
2026-03,154.16.81.163,ZA,메일 로그인
2026-03,154.16.81.164,ZA,메일 로그인
2026-03,154.16.81.169,ZA,메일 로그인
2026-03,154.16.81.188,ZA,메일 로그인
2026-03,154.16.81.233,ZA,메일 로그인
2026-03,154.16.81.239,ZA,메일 로그인
2026-03,154.16.81.245,ZA,메일 로그인
2026-03,154.16.81.54,ZA,메일 로그인
2026-03,154.16.81.65,ZA,메일 로그인
2026-03,154.16.81.74,ZA,메일 로그인
2026-03,156.146.41.19,IT,메일 로그인
2026-03,156.146.41.199,IT,메일 로그인
2026-03,156.146.41.205,IT,메일 로그인
2026-03,156.146.41.21,IT,메일 로그인
2026-03,156.146.41.211,IT,메일 로그인
2026-03,156.146.41.216,IT,메일 로그인
2026-03,156.146.41.217,IT,메일 로그인
2026-03,156.146.41.24,IT,메일 로그인
2026-03,156.146.41.27,IT,메일 로그인
2026-03,156.146.41.28,IT,메일 로그인
2026-03,156.146.41.5,IT,메일 로그인
2026-03,156.146.41.70,IT,메일 로그인
2026-03,156.146.41.75,IT,메일 로그인
2026-03,156.146.41.79,IT,메일 로그인
2026-03,156.146.41.8,IT,메일 로그인
2026-03,156.146.41.81,IT,메일 로그인
2026-03,156.146.41.84,IT,메일 로그인
2026-03,156.146.41.91,IT,메일 로그인
2026-03,158.173.25.103,US,메일 로그인
2026-03,158.173.25.115,US,메일 로그인
2026-03,158.173.25.116,US,메일 로그인
2026-03,158.173.25.123,US,메일 로그인
2026-03,158.173.25.146,US,메일 로그인
2026-03,158.173.25.181,US,메일 로그인
2026-03,158.173.25.23,US,메일 로그인
2026-03,158.173.25.34,US,메일 로그인
2026-03,158.173.25.89,US,메일 로그인
2026-03,173.239.226.195,US,메일 로그인
2026-03,185.144.78.207,TR,메일 로그인
2026-03,185.181.109.108,IQ,메일 로그인
2026-03,185.19.32.100,TR,메일 로그인
2026-03,185.19.32.111,TR,메일 로그인
2026-03,185.19.32.120,TR,메일 로그인
2026-03,188.213.34.83,RO,메일 로그인
2026-03,191.101.210.132,AU,메일 로그인
2026-03,191.101.210.172,AU,메일 로그인
2026-03,191.101.210.173,AU,메일 로그인
2026-03,191.101.210.179,AU,메일 로그인
2026-03,191.101.210.180,AU,메일 로그인
2026-03,191.101.210.181,AU,메일 로그인
2026-03,191.101.210.182,AU,메일 로그인
2026-03,191.101.210.190,AU,메일 로그인
2026-03,191.101.210.204,AU,메일 로그인
2026-03,191.101.210.209,AU,메일 로그인
2026-03,191.101.210.216,AU,메일 로그인
2026-03,191.101.61.177,US,메일 로그인
2026-03,191.96.106.152,US,메일 로그인
2026-03,191.96.106.166,US,메일 로그인
2026-03,191.96.106.180,US,메일 로그인
2026-03,191.96.106.184,US,메일 로그인
2026-03,191.96.106.189,US,메일 로그인
2026-03,191.96.106.197,US,메일 로그인
2026-03,191.96.106.202,US,메일 로그인
2026-03,191.96.106.21,US,메일 로그인
2026-03,191.96.106.24,US,메일 로그인
2026-03,191.96.106.31,US,메일 로그인
2026-03,191.96.106.32,US,메일 로그인
2026-03,191.96.106.43,US,메일 로그인
2026-03,191.96.106.59,US,메일 로그인
2026-03,191.96.150.116,US,메일 로그인
2026-03,191.96.150.119,US,메일 로그인
2026-03,191.96.227.121,US,메일 로그인
2026-03,191.96.227.145,US,메일 로그인
2026-03,191.96.227.73,US,메일 로그인
2026-03,195.181.170.237,DE,메일 로그인
2026-03,212.102.57.10,DE,메일 로그인
2026-03,212.102.57.13,DE,메일 로그인
2026-03,212.102.57.19,DE,메일 로그인
2026-03,212.102.57.218,DE,메일 로그인
2026-03,212.102.57.26,DE,메일 로그인
2026-03,212.102.57.31,DE,메일 로그인
2026-03,212.102.57.82,DE,메일 로그인
2026-03,212.102.57.96,DE,메일 로그인
2026-03,212.56.53.10,US,메일 로그인
2026-03,212.56.53.137,US,메일 로그인
2026-03,212.56.53.148,US,메일 로그인
2026-03,212.56.53.152,US,메일 로그인
2026-03,212.56.53.170,US,메일 로그인
2026-03,212.56.53.179,US,메일 로그인
2026-03,212.56.53.26,US,메일 로그인
2026-03,212.56.53.59,US,메일 로그인
2026-03,212.56.53.60,US,메일 로그인
2026-03,212.56.53.82,US,메일 로그인
2026-03,212.56.53.90,US,메일 로그인
2026-03,212.56.53.91,US,메일 로그인
2026-03,216.24.213.14,US,메일 로그인
2026-03,216.24.213.15,US,메일 로그인
2026-03,216.24.213.21,US,메일 로그인
2026-03,216.24.213.22,US,메일 로그인
2026-03,216.24.213.25,US,메일 로그인
2026-03,216.24.213.48,US,메일 로그인
2026-03,216.24.213.9,US,메일 로그인
2026-03,37.19.198.109,US,메일 로그인
2026-03,37.19.198.44,US,메일 로그인
2026-03,37.19.198.45,US,메일 로그인
2026-03,37.19.198.50,US,메일 로그인
2026-03,37.19.198.53,US,메일 로그인
2026-03,37.19.198.60,US,메일 로그인
2026-03,45.88.97.21,GB,메일 로그인
2026-03,45.88.97.29,GB,메일 로그인
2026-03,45.88.97.47,GB,메일 로그인
2026-03,46.252.102.18,TR,메일 로그인
2026-03,46.252.102.62,TR,메일 로그인
2026-03,78.135.2.58,TR,메일 로그인
2026-03,78.135.32.153,TR,메일 로그인
2026-03,84.17.45.100,US,메일 로그인
2026-03,84.17.45.5,US,메일 로그인
2026-03,84.239.48.10,US,메일 로그인
2026-03,84.239.48.11,US,메일 로그인
2026-03,84.239.48.12,US,메일 로그인
2026-03,84.239.48.13,US,메일 로그인
2026-03,84.239.48.133,US,메일 로그인
2026-03,84.239.48.14,US,메일 로그인
2026-03,84.239.48.15,US,메일 로그인
2026-03,84.239.48.16,US,메일 로그인
2026-03,84.239.48.17,US,메일 로그인
2026-03,84.239.48.18,US,메일 로그인
2026-03,84.239.48.19,US,메일 로그인
2026-03,84.239.48.20,US,메일 로그인
2026-03,84.239.48.3,US,메일 로그인
2026-03,84.239.48.5,US,메일 로그인
2026-03,84.239.48.7,US,메일 로그인
2026-03,84.239.48.8,US,메일 로그인
2026-03,84.239.48.9,US,메일 로그인
2026-03,85.215.99.167,DE,메일 로그인
2026-03,94.79.83.247,TR,메일 로그인
2026-03,94.79.98.197,TR,메일 로그인
2026-03,95.0.73.65,TR,메일 로그인
2026-03,166.88.8.219,US,공격자 서버
2026-03,166.88.167.94,GB,공격자 서버
2026-03,203.160.72.70,HK,관리자 페이지 접근
2026-03,203.160.80.39,HK,관리자 페이지 접근
2026-03,203.160.86.137,HK,관리자 페이지 접근
2026-03,203.160.68.124,HK,관리자 페이지 접근
2026-03,203.160.72.134,HK,관리자 페이지 접근
2026-03,203.160.68.175,HK,관리자 페이지 접근
2026-03,203.160.72.68,HK,문자 무단 발송
2026-03,203.160.86.116,HK,관리자 페이지 접근
